{
  "urdf": "./src/data/urdf/kinova3_2arm.urdf",
  "nq": 14, "nv": 14,
  "joint_names": ["arm1_joint_1", "arm1_joint_2", "arm1_joint_3", "arm1_joint_4", "arm1_joint_5", "arm1_joint_6", "arm1_joint_7", "arm2_joint_1", "arm2_joint_2", "arm2_joint_3", "arm2_joint_4", "arm2_joint_5", "arm2_joint_6", "arm2_joint_7"],
  "contacts": [],
  "actuated_idx": [],
  "n_resets": 0,
  "modes": [
    {"T": 3, "Nn": 17, "degree": 16,
     "dims": {"nq": 38, "nv": 38, "na": 38, "nlam": 0, "nu": 0},
     "active_contacts": [],
     "taus": [-1, -0.98078528040323043, -0.92387953251128674, -0.83146961230254524, -0.70710678118654757, -0.55557023301960229, -0.38268343236508984, -0.19509032201612833, 0, 0.19509032201612819, 0.38268343236508973, 0.55557023301960196, 0.70710678118654746, 0.83146961230254535, 0.92387953251128674, 0.98078528040323043, 1]}
  ]
}
